{
	"minecraft:plains":
	{
		"speedBonus": 0.75,
		"hpBonus": 0.75,
		"damageBonus": 0.75
	},
	"minecraft:river":
	{
		"speedBonus": 0.75,
		"hpBonus": 0.75,
		"damageBonus": 0.75
	},
	"minecraft:beach":
	{
		"speedBonus": 0.75,
		"hpBonus": 0.75,
		"damageBonus": 0.75
	},
	"minecraft:desert":
	{
		"speedBonus": 0.75,
		"hpBonus": 0.75,
		"damageBonus": 0.75
	},
	"minecraft:the_end":
	{
		"speedBonus": 1.25,
		"hpBonus": 2,
		"damageBonus": 1.25
	},
	"minecraft:nether":
	{
		"hpBonus": 1.5,
		"damageBonus": 1.5
	},
	"minecraft:jungle":
	{
		"speedBonus": 1.5,
		"hpBonus": 1.25
	},
	"minecraft:jungle_hills":
	{
		"speedBonus": 1.5,
		"hpBonus": 1.25
	},
	"minecraft:bamboo_jungle":
	{
		"speedBonus": 1.5,
		"hpBonus": 1.25
	},
	"minecraft:bamboo_jungle_hills":
	{
		"speedBonus": 1.5,
		"hpBonus": 1.25
	},
	"minecraft:jungle_edge":
	{
		"speedBonus": 1.5,
		"hpBonus": 1.25
	}
}