{
	"minecraft:crossbow":
	{
		"archery": 10
	},
	"minecraft:netherite_pickaxe":
	{
		"combat": 60
	},
	"minecraft:netherite_shovel":
	{
		"combat": 60
	},
	"minecraft:netherite_axe":
	{
		"combat": 65
	},
	"minecraft:netherite_sword":
	{
		"combat": 60
	},
	"minecraft:diamond_pickaxe":
	{
		"combat": 40
	},
	"minecraft:diamond_shovel":
	{
		"combat": 40
	},
	"minecraft:diamond_axe":
	{
		"combat": 45
	},
	"minecraft:diamond_sword":
	{
		"combat": 40
	},
	"minecraft:golden_pickaxe":
	{
		"combat": 30
	},
	"minecraft:golden_shovel":
	{
		"combat": 30
	},
	"minecraft:golden_axe":
	{
		"combat": 35
	},
	"minecraft:golden_sword":
	{
		"combat": 30
	},
	"minecraft:iron_pickaxe":
	{
		"combat": 20
	},
	"minecraft:iron_shovel":
	{
		"combat": 20
	},
	"minecraft:iron_axe":
	{
		"combat": 25
	},
	"minecraft:iron_sword":
	{
		"combat": 20
	},
	"minecraft:stone_pickaxe":
	{
		"combat": 10
	},
	"minecraft:stone_shovel":
	{
		"combat": 10
	},
	"minecraft:stone_axe":
	{
		"combat": 15
	},
	"minecraft:stone_sword":
	{
		"combat": 10
	},
	"minecraft:wooden_pickaxe":
	{
		"combat": 1
	},
	"minecraft:wooden_shovel":
	{
		"combat": 1
	},
	"minecraft:wooden_axe":
	{
		"combat": 1
	},
	"minecraft:wooden_sword":
	{
		"combat": 1
	},
	"info_oresandmetals:elder_rune_pickaxe":
	{
		"combat": 90
	},
	"info_oresandmetals:elder_rune_shovel":
	{
		"combat": 90
	},
	"info_oresandmetals:elder_rune_axe":
	{
		"combat": 90
	},
	"info_oresandmetals:elder_rune_sword":
	{
		"combat": 90
	},
	"info_oresandmetals:banite_pickaxe":
	{
		"combat": 80
	},
	"info_oresandmetals:banite_shovel":
	{
		"combat": 80
	},
	"info_oresandmetals:banite_axe":
	{
		"combat": 80
	},
	"info_oresandmetals:banite_sword":
	{
		"combat": 80
	},
	"info_oresandmetals:necronium_pickaxe":
	{
		"combat": 70
	},
	"info_oresandmetals:necronium_shovel":
	{
		"combat": 70
	},
	"info_oresandmetals:necronium_axe":
	{
		"combat": 70
	},
	"info_oresandmetals:necronium_sword":
	{
		"combat": 70
	},
	"info_oresandmetals:orikalkum_pickaxe":
	{
		"combat": 60
	},
	"info_oresandmetals:orikalkum_shovel":
	{
		"combat": 60
	},
	"info_oresandmetals:orikalkum_axe":
	{
		"combat": 60
	},
	"info_oresandmetals:orikalkum_sword":
	{
		"combat": 60
	},
	"info_oresandmetals:rune_pickaxe":
	{
		"combat": 50
	},
	"info_oresandmetals:rune_shovel":
	{
		"combat": 50
	},
	"info_oresandmetals:rune_axe":
	{
		"combat": 50
	},
	"info_oresandmetals:rune_sword":
	{
		"combat": 50
	},
	"info_oresandmetals:adamant_pickaxe":
	{
		"combat": 35
	},
	"info_oresandmetals:adamant_shovel":
	{
		"combat": 35
	},
	"info_oresandmetals:adamant_axe":
	{
		"combat": 35
	},
	"info_oresandmetals:adamant_sword":
	{
		"combat": 35
	},
	"info_oresandmetals:mithril_pickaxe":
	{
		"combat": 25
	},
	"info_oresandmetals:mithril_shovel":
	{
		"combat": 25
	},
	"info_oresandmetals:mithril_axe":
	{
		"combat": 25
	},
	"info_oresandmetals:mithril_sword":
	{
		"combat": 25
	},
	"info_oresandmetals:steel_pickaxe":
	{
		"combat": 15
	},
	"info_oresandmetals:steel_shovel":
	{
		"combat": 15
	},
	"info_oresandmetals:steel_axe":
	{
		"combat": 15
	},
	"info_oresandmetals:steel_sword":
	{
		"combat": 15
	},
	"info_oresandmetals:bronze_pickaxe":
	{
		"combat": 5
	},
	"info_oresandmetals:bronze_shovel":
	{
		"combat": 5
	},
	"info_oresandmetals:bronze_axe":
	{
		"combat": 5
	},
	"info_oresandmetals:bronze_sword":
	{
		"combat": 5
	},
	"doomweapon:cruciblesword":
	{
		"combat": 100,
		"endurance": 100,
		"agility": 90
	},
	"doomweapon:argent_sword":
	{
		"combat": 90,
		"endurance": 90,
		"agility": 90
	},
	"doomweapon:chainsaw":
	{
		"combat": 90,
		"endurance": 90,
		"agility": 90
	},
	"doomweapon:cruciblesword_closed":
	{
		"combat": 100,
		"endurance": 100,
		"agility": 90
	},
	"doomweapon:axe_marauder_open":
	{
		"combat": 100,
		"endurance": 100,
		"agility": 90
	},
	"doomweapon:axe_marauder_closed":
	{
		"combat": 100,
		"endurance": 100,
		"agility": 90
	},
	"doomweapon:supershotgun":
	{
		"combat": 100,
		"archery": 100
	},
	"doomweapon:shotgun":
	{
		"combat": 90,
		"archery": 90
	},
	"doomweapon:bfg9000":
	{
		"combat": 300,
		"archery": 200,
		"endurance": 300
	},
	"doomweapon:plasmagun":
	{
		"combat": 200,
		"archery": 100,
		"endurance": 200
	},
	"doomweapon:rocketlauncher":
	{
		"combat": 100,
		"archery": 100,
		"endurance": 100
	},
	"doomweapon:ballista":
	{
		"combat": 100,
		"archery": 100,
		"endurance": 100
	},
	"doomweapon:chaingun":
	{
		"combat": 100,
		"archery": 100,
		"endurance": 100
	},
	"doomweapon:pistol":
	{
		"combat": 90,
		"archery": 90,
		"endurance": 90
	},
	"appliedenergistics2:certus_quartz_sword":
	{
		"combat": 30
	},
	"appliedenergistics2:certus_quartz_axe":
	{
		"combat": 35
	},
	"appliedenergistics2:certus_quartz_shovel":
	{
		"combat": 30
	},
	"appliedenergistics2:certus_quartz_pickaxe":
	{
		"combat": 30
	},
	"appliedenergistics2:nether_quartz_sword":
	{
		"combat": 17
	},
	"appliedenergistics2:nether_quartz_axe":
	{
		"combat": 23
	},
	"appliedenergistics2:nether_quartz_shovel":
	{
		"combat": 17
	},
	"appliedenergistics2:nether_quartz_pickaxe":
	{
		"combat": 17
	},
	"minecolonies:chiefsword":
	{
		"combat": 35
	},
	"minecolonies:iron_scimitar":
	{
		"combat": 15
	},
	"minecolonies:pharaoscepter":
	{
		"archery": 75
	},
	"create:deforester":
	{
		"combat": 75
	},
	"endreborn:wolframium_sword":
	{
		"combat": 35
	},
	"endreborn:wolframium_axe":
	{
		"combat": 45
	},
	"endreborn:wolframium_shovel":
	{
		"combat": 35
	},
	"endreborn:wolframium_pickaxe":
	{
		"combat": 35
	},
	"endreborn:endorium_sword":
	{
		"combat": 60
	},
	"endreborn:endorium_axe":
	{
		"combat": 60
	},
	"endreborn:endorium_shovel":
	{
		"combat": 60
	},
	"endreborn:endorium_pickaxe":
	{
		"combat": 60
	},
	"endreborn:end_stone_sword":
	{
		"combat": 20
	},
	"endreborn:end_stone_axe":
	{
		"combat": 20
	},
	"endreborn:end_stone_shovel":
	{
		"combat": 20
	},
	"endreborn:end_stone_pickaxe":
	{
		"combat": 20
	}
}