{
	"minecraft:spawner":
	{
		"combat": 5
	},
	"info_oresandmetals:light_animica_ore":
	{
		"mining": 90
	},
	"info_oresandmetals:dark_animica_ore":
	{
		"mining": 90
	},
	"info_oresandmetals:banite_ore":
	{
		"mining": 80
	},
	"info_oresandmetals:necrite_ore":
	{
		"mining": 70
	},
	"info_oresandmetals:phasmatite_ore":
	{
		"mining": 70
	},
	"info_oresandmetals:orichalcite_ore":
	{
		"mining": 60
	},
	"info_oresandmetals:drakolith_ore":
	{
		"mining": 60
	},
	"info_oresandmetals:runite_ore":
	{
		"mining": 50
	},
	"info_oresandmetals:adamantite_ore":
	{
		"mining": 35
	},
	"info_oresandmetals:mithril_ore":
	{
		"mining": 25
	},
	"info_oresandmetals:tin_ore":
	{
		"mining": 5
	},
	"info_oresandmetals:copper_ore":
	{
		"mining": 5
	}
}