{
	"minecraft:firework_rocket":
	{
		"flying": 5
	},
	"minecraft:stonecutter":
	{
		"building": 10
	},
	"minecraft:smoker":
	{
		"cooking": 10
	},
	"minecraft:blast_furnace":
	{
		"smithing": 10
	},
	"minecraft:enchanting_table":
	{
		"mining": 25
	},
	"appliedenergistics2:drive":
	{
		"crafting": 50,
		"smithing": 25
	},
	"appliedenergistics2:io_port":
	{
		"crafting": 60,
		"smithing": 35
	},
	"appliedenergistics2:terminal":
	{
		"crafting": 35,
		"smithing": 25
	},
	"appliedenergistics2:pattern_terminal":
	{
		"crafting": 45,
		"smithing": 35
	},
	"appliedenergistics2:crafting_terminal":
	{
		"crafting": 40,
		"smithing": 30
	},
	"appliedenergistics2:interface_terminal":
	{
		"crafting": 50,
		"smithing": 40
	},
	"appliedenergistics2:fluid_terminal":
	{
		"crafting": 40,
		"smithing": 30
	},
	"appliedenergistics2:quartz_growth_accelerator":
	{
		"crafting": 50,
		"smithing": 30
	},
	"appliedenergistics2:wireless_terminal":
	{
		"crafting": 90,
		"smithing": 50
	},
	"appliedenergistics2:inscriber":
	{
		"crafting": 110,
		"smithing": 50
	},
	"appliedenergistics2:charger":
	{
		"crafting": 105,
		"smithing": 50
	},
	"appliedenergistics2:security_station":
	{
		"crafting": 35,
		"smithing": 15
	},
	"appliedenergistics2:condenser":
	{
		"crafting": 75
	},
	"appliedenergistics2:biometric_card":
	{
		"smithing": 30
	},
	"appliedenergistics2:memory_card":
	{
		"smithing": 40
	},
	"appliedenergistics2:network_tool":
	{
		"smithing": 25
	},
	"appliedenergistics2:spatial_io_port":
	{
		"crafting": 60,
		"smithing": 30
	},
	"ironchest:iron_to_gold_chest_upgrade":
	{
		"building": 30
	},
	"ironchest:gold_to_diamond_chest_upgrade":
	{
		"building": 40
	},
	"ironchest:copper_to_silver_chest_upgrade":
	{
		"building": 20
	},
	"ironchest:silver_to_gold_chest_upgrade":
	{
		"building": 30
	},
	"ironchest:copper_to_iron_chest_upgrade":
	{
		"building": 20
	},
	"ironchest:diamond_to_crystal_chest_upgrade":
	{
		"building": 50
	},
	"ironchest:wood_to_iron_chest_upgrade":
	{
		"building": 20
	},
	"ironchest:wood_to_copper_chest_upgrade":
	{
		"building": 10
	},
	"ironchest:diamond_to_obsidian_chest_upgrade":
	{
		"building": 50
	},
	"ironchest:iron_chest":
	{
		"building": 20
	},
	"ironchest:gold_chest":
	{
		"building": 30
	},
	"ironchest:diamond_chest":
	{
		"building": 40
	},
	"ironchest:copper_chest":
	{
		"building": 10
	},
	"ironchest:silver_chest":
	{
		"building": 20
	},
	"ironchest:crystal_chest":
	{
		"building": 50
	},
	"ironchest:obsidian_chest":
	{
		"building": 50
	},
	"enderstorage:ender_chest":
	{
		"building": 50,
		"magic": 4
	},
	"enderstorage:ender_tank":
	{
		"building": 40,
		"magic": 3
	},
	"enderstorage:ender_pouch":
	{
		"magic": 5
	},
	"minecolonies:blockhuttownhall":
	{
		"mining": 15,
		"woodcutting": 15,
		"excavation": 15,
		"building": 15,
		"farming": 15,
		"fishing": 15,
		"combat": 15,
		"smithing": 15,
		"crafting": 15,
		"cooking": 15
	},
	"create:wrench":
	{
		"crafting": 15
	},
	"create:redstone_link":
	{
		"crafting": 30
	},
	"create:sand_paper":
	{
		"smithing": 5
	},
	"create:red_sand_paper":
	{
		"smithing": 5
	},
	"create:tree_fertilizer":
	{
		"farming": 10
	},
	"create:super_glue":
	{
		"building": 5
	},
	"storagedrawers:controller":
	{
		"crafting": 40
	},
	"storagedrawers:controller_slave":
	{
		"crafting": 50
	},
	"storagedrawers:compacting_drawers_3":
	{
		"crafting": 30
	}
}