{
	"minecraft:golden_helmet":
	{
		"mining": 5,
		"endurance": 5
	},
	"minecraft:golden_chestplate":
	{
		"mining": 5,
		"endurance": 5
	},
	"minecraft:golden_leggings":
	{
		"mining": 5,
		"endurance": 5
	},
	"minecraft:golden_boots":
	{
		"mining": 5,
		"endurance": 5
	},
	"minecraft:chainmail_helmet":
	{
		"combat": 5
	},
	"minecraft:chainmail_chestplate":
	{
		"combat": 5
	},
	"minecraft:chainmail_leggings":
	{
		"combat": 5
	},
	"minecraft:chainmail_boots":
	{
		"combat": 5
	},
	"minecraft:iron_helmet":
	{
		"smithing": 2.5
	},
	"minecraft:iron_chestplate":
	{
		"smithing": 2.5
	},
	"minecraft:iron_leggings":
	{
		"smithing": 2.5
	},
	"minecraft:iron_boots":
	{
		"smithing": 2.5
	},
	"minecraft:diamond_helmet":
	{
		"magic": 2.5
	},
	"minecraft:diamond_chestplate":
	{
		"magic": 2.5
	},
	"minecraft:diamond_leggings":
	{
		"magic": 2.5
	},
	"minecraft:diamond_boots":
	{
		"magic": 2.5
	},
	"minecraft:leather_helmet":
	{
		"agility": 2.5,
		"farming": 2.5,
		"woodcutting": 2.5,
		"fishing": 2.5
	},
	"minecraft:leather_chestplate":
	{
		"agility": 2.5,
		"farming": 2.5,
		"woodcutting": 2.5,
		"fishing": 2.5
	},
	"minecraft:leather_leggings":
	{
		"agility": 2.5,
		"farming": 2.5,
		"woodcutting": 2.5,
		"fishing": 2.5
	},
	"minecraft:leather_boots":
	{
		"agility": 2.5,
		"farming": 2.5,
		"woodcutting": 2.5,
		"fishing": 2.5
	},
	"minecraft:turtle_helmet":
	{
		"swimming": 15,
		"fishing": 7.5
	},
	"minecraft:shield":
	{
		"endurance": 12.5,
		"combat": 5
	},
	"minecraft:dragon_head":
	{
		"flying": 50,
		"combat": 25
	},
	"minecraft:carved_pumpkin":
	{
		"combat": 5
	},
	"minecraft:heart_of_the_sea":
	{
		"swimming": 25,
		"fishing": 10
	},
	"minecraft:nether_star":
	{
		"combat": 10,
		"endurance": 10,
		"archery": 10,
		"magic": 10,
		"flying": 20
	}
}