{
	"minecraft:nether_quartz_ore":
	{
		"mining": 1.5
	},
	"minecraft:nether_quartz":
	{
		"mining": 1.5
	},
	"minecraft:coal_ore":
	{
		"mining": 2
	},
	"minecraft:iron_ore":
	{
		"mining": 12
	},
	"minecraft:gold_ore":
	{
		"mining": 22
	},
	"minecraft:diamond_ore":
	{
		"mining": 35
	},
	"minecraft:redstone_ore":
	{
		"mining": 1.5
	},
	"minecraft:lapis_ore":
	{
		"mining": 5
	},
	"minecraft:emerald_ore":
	{
		"mining": 60
	},
	"minecraft:granite":
	{
		"mining": 0.4
	},
	"minecraft:polished_granite":
	{
		"mining": 0.4
	},
	"minecraft:diorite":
	{
		"mining": 0.3
	},
	"minecraft:polished_diorite":
	{
		"mining": 0.3
	},
	"minecraft:andesite":
	{
		"mining": 0.5
	},
	"minecraft:polished_andesite":
	{
		"mining": 0.5
	},
	"minecraft:stone":
	{
		"mining": 0.1
	},
	"minecraft:stone_bricks":
	{
		"mining": 0.7
	},
	"minecraft:cobblestone":
	{
		"mining": 0.5
	},
	"minecraft:mossy_cobblestone":
	{
		"mining": 1.5
	},
	"minecraft:netherrack":
	{
		"mining": 0.1
	},
	"minecraft:nether_bricks":
	{
		"mining": 1.5
	},
	"minecraft:ice":
	{
		"mining": 0.1
	},
	"minecraft:rail":
	{
		"mining": 0.8
	},
	"minecraft:prismarine":
	{
		"mining": 2.5
	},
	"minecraft:dark_prismarine":
	{
		"mining": 3.5
	},
	"minecraft:prismarine_bricks":
	{
		"mining": 4
	},
	"minecraft:purpur_block":
	{
		"mining": 2
	},
	"minecraft:purpur_pillar":
	{
		"mining": 2.5
	},
	"minecraft:infested_stone":
	{
		"mining": 200
	},
	"minecraft:infested_cobblestone":
	{
		"mining": 200
	},
	"minecraft:infested_stone_bricks":
	{
		"mining": 200
	},
	"minecraft:infested_mossy_stone_bricks":
	{
		"mining": 200
	},
	"minecraft:infested_cracked_stone_bricks":
	{
		"mining": 200
	},
	"minecraft:infested_chiseled_stone_bricks":
	{
		"mining": 200
	},
	"minecraft:bedrock":
	{
		"mining": 9001
	},
	"minecraft:spawner":
	{
		"mining": 50,
		"combat": 150,
		"endurance": 100
	},
	"minecraft:dirt":
	{
		"excavation": 1.5
	},
	"minecraft:podzol":
	{
		"excavation": 3,
		"farming": 1
	},
	"minecraft:mycelium":
	{
		"excavation": 6,
		"farming": 1
	},
	"minecraft:coarse_dirt":
	{
		"excavation": 1.7
	},
	"minecraft:grass_block":
	{
		"excavation": 2
	},
	"minecraft:sand":
	{
		"excavation": 1
	},
	"minecraft:red_sand":
	{
		"excavation": 1.2
	},
	"minecraft:clay":
	{
		"excavation": 5
	},
	"minecraft:clay_ball":
	{
		"excavation": 5
	},
	"minecraft:gravel":
	{
		"excavation": 2
	},
	"minecraft:soul_sand":
	{
		"excavation": 5
	},
	"minecraft:snow_block":
	{
		"excavation": 3.5
	},
	"minecraft:oak_sapling":
	{
		"woodcutting": 15
	},
	"minecraft:birch_sapling":
	{
		"woodcutting": 12
	},
	"minecraft:spruce_sapling":
	{
		"woodcutting": 10
	},
	"minecraft:jungle_sapling":
	{
		"woodcutting": 24
	},
	"minecraft:dark_oak_sapling":
	{
		"woodcutting": 18
	},
	"minecraft:acacia_sapling":
	{
		"woodcutting": 26
	},
	"minecraft:oak_log":
	{
		"woodcutting": 8
	},
	"minecraft:birch_log":
	{
		"woodcutting": 12
	},
	"minecraft:spruce_log":
	{
		"woodcutting": 5
	},
	"minecraft:jungle_log":
	{
		"woodcutting": 4.5
	},
	"minecraft:dark_oak_log":
	{
		"woodcutting": 7
	},
	"minecraft:acacia_log":
	{
		"woodcutting": 14
	},
	"minecraft:oak_wood":
	{
		"woodcutting": 8
	},
	"minecraft:birch_wood":
	{
		"woodcutting": 12
	},
	"minecraft:spruce_wood":
	{
		"woodcutting": 5
	},
	"minecraft:jungle_wood":
	{
		"woodcutting": 4.5
	},
	"minecraft:dark_oak_wood":
	{
		"woodcutting": 7
	},
	"minecraft:acacia_wood":
	{
		"woodcutting": 14
	},
	"minecraft:oak_planks":
	{
		"woodcutting": 5
	},
	"minecraft:birch_planks":
	{
		"woodcutting": 5
	},
	"minecraft:spruce_planks":
	{
		"woodcutting": 5
	},
	"minecraft:jungle_planks":
	{
		"woodcutting": 5
	},
	"minecraft:dark_oak_planks":
	{
		"woodcutting": 5
	},
	"minecraft:acacia_planks":
	{
		"woodcutting": 5
	},
	"minecraft:oak_leaves":
	{
		"woodcutting": 0.5
	},
	"minecraft:birch_leaves":
	{
		"woodcutting": 0.7
	},
	"minecraft:spruce_leaves":
	{
		"woodcutting": 1.5
	},
	"minecraft:jungle_leaves":
	{
		"woodcutting": 0.9
	},
	"minecraft:dark_oak_leaves":
	{
		"woodcutting": 0.6
	},
	"minecraft:acacia_leaves":
	{
		"woodcutting": 1.1
	},
	"minecraft:bookshelf":
	{
		"woodcutting": 50
	},
	"minecraft:brown_mushroom_block":
	{
		"farming": 3
	},
	"minecraft:brown_mushroom":
	{
		"farming": 10
	},
	"minecraft:red_mushroom_block":
	{
		"farming": 4
	},
	"minecraft:red_mushroom":
	{
		"farming": 12
	},
	"minecraft:sugar_cane":
	{
		"farming": 1.5
	},
	"minecraft:cactus":
	{
		"farming": 2
	},
	"minecraft:bamboo":
	{
		"farming": 0.2,
		"woodcutting": 0.4
	},
	"minecraft:bamboo_sapling":
	{
		"farming": 0.2,
		"woodcutting": 0.4
	},
	"minecraft:kelp":
	{
		"farming": 1
	},
	"minecraft:kelp_plant":
	{
		"farming": 1
	},
	"minecraft:sea_pickle":
	{
		"farming": 1
	},
	"minecraft:wheat":
	{
		"farming": 1
	},
	"minecraft:wheat_seeds":
	{
		"farming": 1
	},
	"minecraft:beetroot":
	{
		"farming": 1.5
	},
	"minecraft:beetroots":
	{
		"farming": 1.5
	},
	"minecraft:carrot":
	{
		"farming": 1
	},
	"minecraft:carrots":
	{
		"farming": 1
	},
	"minecraft:potato":
	{
		"farming": 0.75
	},
	"minecraft:potatoes":
	{
		"farming": 0.75
	},
	"minecraft:melon":
	{
		"farming": 7.5
	},
	"minecraft:melon_seeds":
	{
		"farming": 7.5
	},
	"minecraft:melon_slice":
	{
		"farming": 7.5
	},
	"minecraft:pumpkin":
	{
		"farming": 7.5
	},
	"minecraft:pumpkin_seeds":
	{
		"farming": 7.5
	},
	"minecraft:cocoa":
	{
		"farming": 2
	},
	"minecraft:nether_wart":
	{
		"farming": 1
	},
	"minecraft:chorus_flower":
	{
		"farming": 35
	},
	"minecraft:chorus_plant":
	{
		"farming": 2.5
	},
	"minecraft:lily_pad":
	{
		"farming": 5
	},
	"minecraft:dandelion":
	{
		"farming": 8
	},
	"minecraft:white_tulip":
	{
		"farming": 8.5
	},
	"minecraft:pink_tulip":
	{
		"farming": 6
	},
	"minecraft:red_tulip":
	{
		"farming": 7.5
	},
	"minecraft:oxeye_daisy":
	{
		"farming": 8.5
	},
	"minecraft:sunflower":
	{
		"farming": 17.5
	},
	"minecraft:lilac":
	{
		"farming": 16.5
	},
	"minecraft:rose_bush":
	{
		"farming": 13.5
	},
	"minecraft:peony":
	{
		"farming": 17.5
	},
	"minecraft:dead_bush":
	{
		"farming": 5
	},
	"minecraft:cobweb":
	{
		"farming": 5
	},
	"minecraft:orange_tulip":
	{
		"farming": 16.5
	},
	"minecraft:wither_rose":
	{
		"farming": 35
	},
	"minecraft:allium":
	{
		"farming": 12.5
	},
	"minecraft:poppy":
	{
		"farming": 11.5
	},
	"minecraft:vine":
	{
		"farming": 3.5
	},
	"minecraft:grass":
	{
		"farming": 0.25
	},
	"minecraft:fern":
	{
		"farming": 0.35
	},
	"minecraft:sea_grass":
	{
		"farming": 4.5
	},
	"minecraft:large_fern":
	{
		"farming": 5.5
	},
	"minecraft:tall_grass":
	{
		"farming": 4.5
	},
	"minecraft:cornflower":
	{
		"farming": 5.5
	},
	"minecraft:azure_bluet":
	{
		"farming": 4.5
	},
	"minecraft:lily_of_the_valley":
	{
		"farming": 9.5
	},
	"minecraft:blue_orchid":
	{
		"farming": 20
	},
	"minecraft:sweet_berry_bush":
	{
		"farming": 1.25
	},
	"info_oresandmetals:light_animica_ore":
	{
		"mining": 85
	},
	"info_oresandmetals:dark_animica_ore":
	{
		"mining": 85
	},
	"info_oresandmetals:banite_ore":
	{
		"mining": 75
	},
	"info_oresandmetals:necrite_ore":
	{
		"mining": 65
	},
	"info_oresandmetals:phasmatite_ore":
	{
		"mining": 65
	},
	"info_oresandmetals:orichalcite_ore":
	{
		"mining": 55
	},
	"info_oresandmetals:drakolith_ore":
	{
		"mining": 55
	},
	"info_oresandmetals:runite_ore":
	{
		"mining": 45
	},
	"info_oresandmetals:adamantite_ore":
	{
		"mining": 30
	},
	"info_oresandmetals:mithril_ore":
	{
		"mining": 20
	},
	"info_oresandmetals:tin_ore":
	{
		"mining": 7
	},
	"info_oresandmetals:copper_ore":
	{
		"mining": 4
	},
	"appliedenergistics2:quartz_ore":
	{
		"mining": 8
	},
	"appliedenergistics2:charged_quartz_ore":
	{
		"mining": 20
	},
	"create:copper_ore":
	{
		"mining": 7
	},
	"create:zinc_ore":
	{
		"mining": 22
	},
	"create:dolomite":
	{
		"mining": 0.25
	},
	"create:polished_dolomite":
	{
		"mining": 0.25
	},
	"create:gabbro":
	{
		"mining": 0.35
	},
	"create:polished_gabbro":
	{
		"mining": 0.35
	},
	"create:limestone":
	{
		"mining": 0.3
	},
	"create:polished_limestone":
	{
		"mining": 0.3
	},
	"create:weathered_limestone":
	{
		"mining": 0.3
	},
	"create:polished_weathered_limestone":
	{
		"mining": 0.3
	},
	"create:scoria":
	{
		"mining": 0.35
	},
	"create:polished_scoria":
	{
		"mining": 0.35
	},
	"create:dark_scoria":
	{
		"mining": 0.4
	},
	"create:polished_dark_scoria":
	{
		"mining": 0.4
	},
	"create:natural_scoria":
	{
		"mining": 0.65
	},
	"endreborn:quartz_ore":
	{
		"mining": 13
	},
	"endreborn:obsidian_ore":
	{
		"mining": 50
	},
	"endreborn:wolframium_ore":
	{
		"mining": 12
	},
	"endreborn:end_wolframium_ore":
	{
		"mining": 14
	},
	"biomesoplenty:white_sand":
	{
		"excavation": 1.3
	},
	"biomesoplenty:fir_wood":
	{
		"woodcutting": 8
	},
	"biomesoplenty:redwood_wood":
	{
		"woodcutting": 7
	},
	"biomesoplenty:cherry_wood":
	{
		"woodcutting": 15
	},
	"biomesoplenty:mahogany_wood":
	{
		"woodcutting": 8
	},
	"biomesoplenty:jacaranda_wood":
	{
		"woodcutting": 9
	},
	"biomesoplenty:palm_wood":
	{
		"woodcutting": 12
	},
	"biomesoplenty:willow_wood":
	{
		"woodcutting": 14
	},
	"biomesoplenty:dead_wood":
	{
		"woodcutting": 6
	},
	"biomesoplenty:magic_wood":
	{
		"woodcutting": 15,
		"magic": 5
	},
	"biomesoplenty:umbran_wood":
	{
		"woodcutting": 9
	},
	"biomesoplenty:hellbark_wood":
	{
		"woodcutting": 10
	},
	"biomesoplenty:fir_log":
	{
		"woodcutting": 8
	},
	"biomesoplenty:redwood_log":
	{
		"woodcutting": 7
	},
	"biomesoplenty:cherry_log":
	{
		"woodcutting": 15
	},
	"biomesoplenty:mahogany_log":
	{
		"woodcutting": 8
	},
	"biomesoplenty:jacaranda_log":
	{
		"woodcutting": 9
	},
	"biomesoplenty:palm_log":
	{
		"woodcutting": 12
	},
	"biomesoplenty:willow_log":
	{
		"woodcutting": 14
	},
	"biomesoplenty:dead_log":
	{
		"woodcutting": 6
	},
	"biomesoplenty:magic_log":
	{
		"woodcutting": 15,
		"magic": 5
	},
	"biomesoplenty:umbran_log":
	{
		"woodcutting": 9
	},
	"biomesoplenty:hellbark_log":
	{
		"woodcutting": 10
	},
	"traverse:fir_wood":
	{
		"woodcutting": 7
	},
	"traverse:fir_log":
	{
		"woodcutting": 7
	},
	"autumnity:sappy_maple_wood":
	{
		"woodcutting": 13
	},
	"autumnity:maple_wood":
	{
		"woodcutting": 13
	},
	"autumnity:sappy_maple_log":
	{
		"woodcutting": 13
	},
	"autumnity:maple_log":
	{
		"woodcutting": 13
	}
}