{
	"minecraft:cobblestone":
	{
		"smithing": 0.5
	},
	"minecraft:stone":
	{
		"smithing": 1
	},
	"minecraft:stone_bricks":
	{
		"smithing": 1
	},
	"minecraft:netherrack":
	{
		"smithing": 0.25
	},
	"minecraft:nether_bricks":
	{
		"smithing": 1.5
	},
	"minecraft:polished_blackstone_bricks":
	{
		"smithing": 2.5
	},
	"minecraft:sand":
	{
		"smithing": 1
	},
	"minecraft:red_sand":
	{
		"smithing": 1.2
	},
	"minecraft:sandstone":
	{
		"smithing": 3
	},
	"minecraft:red_sandstone":
	{
		"smithing": 3.6
	},
	"minecraft:coal_ore":
	{
		"smithing": 8
	},
	"minecraft:iron_ore":
	{
		"smithing": 12
	},
	"minecraft:gold_ore":
	{
		"smithing": 18
	},
	"minecraft:nether_gold_ore":
	{
		"smithing": 22
	},
	"minecraft:nether_quartz_ore":
	{
		"smithing": 8
	},
	"minecraft:diamond_ore":
	{
		"smithing": 35
	},
	"minecraft:redstone_ore":
	{
		"smithing": 15
	},
	"minecraft:lapis_ore":
	{
		"smithing": 25
	},
	"minecraft:emerald_ore":
	{
		"smithing": 60
	},
	"minecraft:ancient_debris":
	{
		"smithing": 60
	},
	"minecraft:clay_ball":
	{
		"smithing": 1.5,
		"crafting": 3.5
	},
	"minecraft:clay":
	{
		"smithing": 6,
		"crafting": 14
	},
	"minecraft:chainmail_helmet":
	{
		"smithing": 7.5
	},
	"minecraft:chainmail_chestplate":
	{
		"smithing": 12
	},
	"minecraft:chainmail_leggings":
	{
		"smithing": 10.5
	},
	"minecraft:chainmail_boots":
	{
		"smithing": 6
	},
	"minecraft:iron_helmet":
	{
		"smithing": 2.5
	},
	"minecraft:iron_chestplate":
	{
		"smithing": 4
	},
	"minecraft:iron_leggings":
	{
		"smithing": 3.5
	},
	"minecraft:iron_boots":
	{
		"smithing": 2
	},
	"minecraft:iron_pickaxe":
	{
		"smithing": 1.5
	},
	"minecraft:iron_shovel":
	{
		"smithing": 0.5
	},
	"minecraft:iron_axe":
	{
		"smithing": 1.5
	},
	"minecraft:iron_hoe":
	{
		"smithing": 1
	},
	"minecraft:iron_sword":
	{
		"smithing": 1
	},
	"minecraft:iron_horse_armor":
	{
		"smithing": 25
	},
	"minecraft:golden_helmet":
	{
		"smithing": 10
	},
	"minecraft:golden_chestplate":
	{
		"smithing": 16
	},
	"minecraft:golden_leggings":
	{
		"smithing": 14
	},
	"minecraft:golden_boots":
	{
		"smithing": 8
	},
	"minecraft:golden_pickaxe":
	{
		"smithing": 6
	},
	"minecraft:golden_shovel":
	{
		"smithing": 2
	},
	"minecraft:golden_axe":
	{
		"smithing": 6
	},
	"minecraft:golden_hoe":
	{
		"smithing": 4
	},
	"minecraft:golden_sword":
	{
		"smithing": 4
	},
	"minecraft:golden_horse_armor":
	{
		"smithing": 100
	},
	"minecraft:oak_log":
	{
		"smithing": 0.25
	},
	"minecraft:birch_log":
	{
		"smithing": 0.25
	},
	"minecraft:spruce_log":
	{
		"smithing": 0.25
	},
	"minecraft:jungle_log":
	{
		"smithing": 0.25
	},
	"minecraft:dark_oak_log":
	{
		"smithing": 0.25
	},
	"minecraft:acacia_log":
	{
		"smithing": 0.25
	},
	"minecraft:white_terracotta":
	{
		"smithing": 1.5
	},
	"minecraft:orange_terracotta":
	{
		"smithing": 1.5
	},
	"minecraft:magenta_terracotta":
	{
		"smithing": 1.5
	},
	"minecraft:light_blue_terracotta":
	{
		"smithing": 1.5
	},
	"minecraft:yellow_terracotta":
	{
		"smithing": 1.5
	},
	"minecraft:lime_terracotta":
	{
		"smithing": 1.5
	},
	"minecraft:pink_terracotta":
	{
		"smithing": 1.5
	},
	"minecraft:gray_terracotta":
	{
		"smithing": 1.5
	},
	"minecraft:light_gray_terracotta":
	{
		"smithing": 1.5
	},
	"minecraft:cyan_terracotta":
	{
		"smithing": 1.5
	},
	"minecraft:purple_terracotta":
	{
		"smithing": 1.5
	},
	"minecraft:blue_terracotta":
	{
		"smithing": 1.5
	},
	"minecraft:brown_terracotta":
	{
		"smithing": 1.5
	},
	"minecraft:green_terracotta":
	{
		"smithing": 1.5
	},
	"minecraft:red_terracotta":
	{
		"smithing": 1.5
	},
	"minecraft:black_terracotta":
	{
		"smithing": 1.5
	},
	"minecraft:terracotta":
	{
		"smithing": 1.5
	},
	"appliedenergistics2:gold_dust":
	{
		"smithing": 16
	},
	"appliedenergistics2:iron_dust":
	{
		"smithing": 24
	},
	"appliedenergistics2:nether_quartz_dust":
	{
		"smithing": 12
	},
	"appliedenergistics2:certus_quartz_dust":
	{
		"smithing": 16
	},
	"create:copper_ore":
	{
		"smithing": 7
	},
	"create:zinc_ore":
	{
		"smithing": 16
	},
	"endreborn:wolframium_horse_armor":
	{
		"smithing": 20
	},
	"endreborn:quartz_ore":
	{
		"smithing": 13
	},
	"endreborn:wolframium_ore":
	{
		"smithing": 12
	},
	"endreborn:end_wolframium_ore":
	{
		"smithing": 14
	},
	"biomesoplenty:white_sand":
	{
		"smithing": 1
	},
	"biomesoplenty:mud_ball":
	{
		"smithing": 1.2
	},
	"biomesoplenty:fir_log":
	{
		"smithing": 0.25
	},
	"biomesoplenty:redwood_log":
	{
		"smithing": 0.25
	},
	"biomesoplenty:cherry_log":
	{
		"smithing": 0.25
	},
	"biomesoplenty:mahogany_log":
	{
		"smithing": 0.25
	},
	"biomesoplenty:jacaranda_log":
	{
		"smithing": 0.25
	},
	"biomesoplenty:palm_log":
	{
		"smithing": 0.25
	},
	"biomesoplenty:willow_log":
	{
		"smithing": 0.25
	},
	"biomesoplenty:dead_log":
	{
		"smithing": 0.25
	},
	"biomesoplenty:magic_log":
	{
		"smithing": 0.15,
		"magic": 0.05
	},
	"biomesoplenty:umbran_log":
	{
		"smithing": 0.25
	},
	"biomesoplenty:hellbark_log":
	{
		"smithing": 0.25
	},
	"autumnity:sappy_maple_log":
	{
		"smithing": 0.25
	},
	"autumnity:maple_log":
	{
		"smithing": 0.25
	}
}