{
	"minecraft:netherite_helmet":
	{
		"crafting": 1000,
		"smithing": 200
	},
	"minecraft:netherite_chestplate":
	{
		"crafting": 1600,
		"smithing": 320
	},
	"minecraft:netherite_leggings":
	{
		"crafting": 1400,
		"smithing": 280
	},
	"minecraft:netherite_boots":
	{
		"crafting": 800,
		"smithing": 160
	},
	"minecraft:netherite_pickaxe":
	{
		"crafting": 600,
		"smithing": 120
	},
	"minecraft:netherite_shovel":
	{
		"crafting": 200,
		"smithing": 40
	},
	"minecraft:netherite_hoe":
	{
		"crafting": 400,
		"smithing": 80
	},
	"minecraft:netherite_axe":
	{
		"crafting": 600,
		"smithing": 120
	},
	"minecraft:netherite_sword":
	{
		"crafting": 400,
		"smithing": 80
	},
	"minecraft:diamond_helmet":
	{
		"crafting": 300,
		"smithing": 60
	},
	"minecraft:diamond_chestplate":
	{
		"crafting": 480,
		"smithing": 96
	},
	"minecraft:diamond_leggings":
	{
		"crafting": 420,
		"smithing": 84
	},
	"minecraft:diamond_boots":
	{
		"crafting": 240,
		"smithing": 48
	},
	"minecraft:diamond_pickaxe":
	{
		"crafting": 180,
		"smithing": 36
	},
	"minecraft:diamond_shovel":
	{
		"crafting": 60,
		"smithing": 12
	},
	"minecraft:diamond_hoe":
	{
		"crafting": 120,
		"smithing": 24
	},
	"minecraft:diamond_axe":
	{
		"crafting": 180,
		"smithing": 36
	},
	"minecraft:diamond_sword":
	{
		"crafting": 120,
		"smithing": 24
	},
	"minecraft:golden_helmet":
	{
		"crafting": 150,
		"smithing": 30
	},
	"minecraft:golden_chestplate":
	{
		"crafting": 240,
		"smithing": 48
	},
	"minecraft:golden_leggings":
	{
		"crafting": 210,
		"smithing": 42
	},
	"minecraft:golden_boots":
	{
		"crafting": 120,
		"smithing": 24
	},
	"minecraft:golden_pickaxe":
	{
		"crafting": 90,
		"smithing": 18
	},
	"minecraft:golden_shovel":
	{
		"crafting": 30,
		"smithing": 6
	},
	"minecraft:golden_hoe":
	{
		"crafting": 60,
		"smithing": 12
	},
	"minecraft:golden_axe":
	{
		"crafting": 90,
		"smithing": 18
	},
	"minecraft:golden_sword":
	{
		"crafting": 60,
		"smithing": 12
	},
	"minecraft:clock":
	{
		"crafting": 125
	},
	"minecraft:light_weighted_pressure_plate":
	{
		"crafting": 60
	},
	"minecraft:iron_helmet":
	{
		"crafting": 50,
		"smithing": 10
	},
	"minecraft:iron_chestplate":
	{
		"crafting": 80,
		"smithing": 16
	},
	"minecraft:iron_leggings":
	{
		"crafting": 70,
		"smithing": 14
	},
	"minecraft:iron_boots":
	{
		"crafting": 40,
		"smithing": 8
	},
	"minecraft:iron_pickaxe":
	{
		"crafting": 30,
		"smithing": 6
	},
	"minecraft:iron_shovel":
	{
		"crafting": 10,
		"smithing": 2
	},
	"minecraft:iron_hoe":
	{
		"crafting": 20,
		"smithing": 4
	},
	"minecraft:iron_axe":
	{
		"crafting": 30,
		"smithing": 6
	},
	"minecraft:iron_sword":
	{
		"crafting": 20,
		"smithing": 4
	},
	"minecraft:anvil":
	{
		"crafting": 310,
		"smithing": 62
	},
	"minecraft:iron_trapdoor":
	{
		"crafting": 40
	},
	"minecraft:iron_door":
	{
		"crafting": 20
	},
	"minecraft:hopper":
	{
		"crafting": 58
	},
	"minecraft:compass":
	{
		"crafting": 45
	},
	"minecraft:minecart":
	{
		"crafting": 50
	},
	"minecraft:bucket":
	{
		"crafting": 30
	},
	"minecraft:cauldron":
	{
		"crafting": 70
	},
	"minecraft:flint_and_steel":
	{
		"crafting": 12
	},
	"minecraft:shears":
	{
		"crafting": 20
	},
	"minecraft:blast_furnace":
	{
		"crafting": 61
	},
	"minecraft:heavy_weighted_pressure_plate":
	{
		"crafting": 20
	},
	"minecraft:leather_helmet":
	{
		"crafting": 75,
		"smithing": 15
	},
	"minecraft:leather_chestplate":
	{
		"crafting": 120,
		"smithing": 24
	},
	"minecraft:leather_leggings":
	{
		"crafting": 105,
		"smithing": 21
	},
	"minecraft:leather_boots":
	{
		"crafting": 60,
		"smithing": 12
	},
	"minecraft:turtle_helmet":
	{
		"crafting": 100,
		"smithing": 20
	},
	"minecraft:crossbow":
	{
		"crafting": 20,
		"smithing": 10
	},
	"minecraft:stone_pickaxe":
	{
		"crafting": 15,
		"smithing": 3
	},
	"minecraft:stone_shovel":
	{
		"crafting": 5,
		"smithing": 1
	},
	"minecraft:stone_hoe":
	{
		"crafting": 10,
		"smithing": 2
	},
	"minecraft:stone_axe":
	{
		"crafting": 15,
		"smithing": 3
	},
	"minecraft:stone_sword":
	{
		"crafting": 10,
		"smithing": 2
	},
	"minecraft:wooden_pickaxe":
	{
		"crafting": 9
	},
	"minecraft:wooden_shovel":
	{
		"crafting": 3
	},
	"minecraft:wooden_hoe":
	{
		"crafting": 6
	},
	"minecraft:wooden_axe":
	{
		"crafting": 9
	},
	"minecraft:wooden_sword":
	{
		"crafting": 6
	},
	"minecraft:beacon":
	{
		"crafting": 1000
	},
	"minecraft:iron_nugget":
	{
		"crafting": 0
	},
	"minecraft:iron_ingot":
	{
		"crafting": 0
	},
	"minecraft:iron_block":
	{
		"crafting": 0
	},
	"minecraft:gold_nugget":
	{
		"crafting": 0
	},
	"minecraft:gold_ingot":
	{
		"crafting": 0
	},
	"minecraft:gold_block":
	{
		"crafting": 0
	},
	"minecraft:diamond":
	{
		"crafting": 0
	},
	"minecraft:diamond_block":
	{
		"crafting": 0
	},
	"minecraft:emerald":
	{
		"crafting": 0
	},
	"minecraft:emerald_block":
	{
		"crafting": 0
	},
	"minecraft:coal":
	{
		"crafting": 0
	},
	"minecraft:coal_block":
	{
		"crafting": 0
	},
	"minecraft:redstone":
	{
		"crafting": 0
	},
	"minecraft:redstone_block":
	{
		"crafting": 0
	},
	"minecraft:lapis":
	{
		"crafting": 0
	},
	"minecraft:lapis_block":
	{
		"crafting": 0
	},
	"minecraft:wheat":
	{
		"crafting": 0
	},
	"minecraft:hay_block":
	{
		"crafting": 0
	},
	"minecraft:bread":
	{
		"cooking": 3.5
	},
	"minecraft:beetroot_soup":
	{
		"cooking": 22.5
	},
	"minecraft:mushroom_stew":
	{
		"cooking": 15
	},
	"minecraft:rabbit_stew":
	{
		"cooking": 35
	},
	"minecraft:cake":
	{
		"cooking": 45
	},
	"minecraft:cookie":
	{
		"cooking": 0.75
	},
	"minecraft:pumpkin_pie":
	{
		"cooking": 27.5
	},
	"appliedenergistics2:controller":
	{
		"crafting": 120,
		"smithing": 30
	},
	"appliedenergistics2:drive":
	{
		"crafting": 90,
		"smithing": 35
	},
	"appliedenergistics2:io_port":
	{
		"crafting": 60,
		"smithing": 20
	},
	"appliedenergistics2:terminal":
	{
		"crafting": 45,
		"smithing": 15
	},
	"appliedenergistics2:pattern_terminal":
	{
		"crafting": 45,
		"smithing": 15
	},
	"appliedenergistics2:crafting_terminal":
	{
		"crafting": 45,
		"smithing": 15
	},
	"appliedenergistics2:interface_terminal":
	{
		"crafting": 45,
		"smithing": 15
	},
	"appliedenergistics2:fluid_terminal":
	{
		"crafting": 45,
		"smithing": 15
	},
	"appliedenergistics2:annihilation_plane":
	{
		"crafting": 50,
		"smithing": 42
	},
	"appliedenergistics2:formation_plane":
	{
		"crafting": 45,
		"smithing": 40
	},
	"appliedenergistics2:fluid_annihilation_plane":
	{
		"crafting": 40,
		"smithing": 35
	},
	"appliedenergistics2:fluid_formation_plane":
	{
		"crafting": 40,
		"smithing": 32
	},
	"appliedenergistics2:interface":
	{
		"crafting": 50,
		"smithing": 40
	},
	"appliedenergistics2:fluid_interface":
	{
		"crafting": 40,
		"smithing": 30
	},
	"appliedenergistics2:quartz_growth_accelerator":
	{
		"crafting": 50,
		"smithing": 30
	},
	"appliedenergistics2:crafting_accelerator":
	{
		"crafting": 30,
		"smithing": 25
	},
	"appliedenergistics2:1k_crafting_storage":
	{
		"crafting": 20,
		"smithing": 10
	},
	"appliedenergistics2:4k_crafting_storage":
	{
		"crafting": 30,
		"smithing": 15
	},
	"appliedenergistics2:16k_crafting_storage":
	{
		"crafting": 40,
		"smithing": 20
	},
	"appliedenergistics2:64k_crafting_storage":
	{
		"crafting": 50,
		"smithing": 25
	},
	"appliedenergistics2:vibration_chamber":
	{
		"crafting": 10,
		"smithing": 10
	},
	"appliedenergistics2:molecular_assembler":
	{
		"crafting": 40,
		"smithing": 15
	},
	"appliedenergistics2:1k_cell_component":
	{
		"crafting": 20,
		"smithing": 10
	},
	"appliedenergistics2:4k_cell_component":
	{
		"crafting": 30,
		"smithing": 15
	},
	"appliedenergistics2:16k_cell_component":
	{
		"crafting": 40,
		"smithing": 25
	},
	"appliedenergistics2:64k_cell_component":
	{
		"crafting": 50,
		"smithing": 35
	},
	"appliedenergistics2:1k_fluid_cell_component":
	{
		"crafting": 15,
		"smithing": 5
	},
	"appliedenergistics2:4k_fluid_cell_component":
	{
		"crafting": 25,
		"smithing": 10
	},
	"appliedenergistics2:16k_fluid_cell_component":
	{
		"crafting": 35,
		"smithing": 15
	},
	"appliedenergistics2:64k_fluid_cell_component":
	{
		"crafting": 45,
		"smithing": 25
	},
	"appliedenergistics2:wireless_terminal":
	{
		"crafting": 250,
		"smithing": 80
	},
	"appliedenergistics2:wireless_booster":
	{
		"crafting": 35,
		"smithing": 25
	},
	"appliedenergistics2:wireless_access_point":
	{
		"crafting": 25
	},
	"appliedenergistics2:wireless_receiver":
	{
		"crafting": 25
	},
	"appliedenergistics2:basic_card":
	{
		"crafting": 30
	},
	"appliedenergistics2:advanced_card":
	{
		"crafting": 45
	},
	"appliedenergistics2:inscriber":
	{
		"crafting": 140,
		"smithing": 50
	},
	"appliedenergistics2:charger":
	{
		"crafting": 60,
		"smithing": 25
	},
	"appliedenergistics2:security_station":
	{
		"crafting": 250,
		"smithing": 40
	},
	"appliedenergistics2:chest":
	{
		"crafting": 60,
		"smithing": 20
	},
	"appliedenergistics2:condenser":
	{
		"crafting": 25
	},
	"appliedenergistics2:storage_bus":
	{
		"crafting": 25
	},
	"appliedenergistics2:fluid_storage_bus":
	{
		"crafting": 20
	},
	"appliedenergistics2:import_bus":
	{
		"crafting": 35
	},
	"appliedenergistics2:fluid_import_bus":
	{
		"crafting": 30
	},
	"appliedenergistics2:export_bus":
	{
		"crafting": 35
	},
	"appliedenergistics2:fluid_export_bus":
	{
		"crafting": 30
	},
	"appliedenergistics2:certus_quartz_sword":
	{
		"crafting": 60,
		"smithing": 12
	},
	"appliedenergistics2:certus_quartz_axe":
	{
		"crafting": 90,
		"smithing": 18
	},
	"appliedenergistics2:certus_quartz_shovel":
	{
		"crafting": 30,
		"smithing": 6
	},
	"appliedenergistics2:certus_quartz_hoe":
	{
		"crafting": 60,
		"smithing": 12
	},
	"appliedenergistics2:certus_quartz_pickaxe":
	{
		"crafting": 90,
		"smithing": 18
	},
	"appliedenergistics2:nether_quartz_sword":
	{
		"crafting": 20,
		"smithing": 4
	},
	"appliedenergistics2:nether_quartz_axe":
	{
		"crafting": 30,
		"smithing": 6
	},
	"appliedenergistics2:nether_quartz_shovel":
	{
		"crafting": 10,
		"smithing": 2
	},
	"appliedenergistics2:nether_quartz_hoe":
	{
		"crafting": 20,
		"smithing": 4
	},
	"appliedenergistics2:nether_quartz_pickaxe":
	{
		"crafting": 30,
		"smithing": 6
	},
	"ironchest:iron_to_gold_chest_upgrade":
	{
		"smithing": 30
	},
	"ironchest:gold_to_diamond_chest_upgrade":
	{
		"smithing": 40
	},
	"ironchest:copper_to_silver_chest_upgrade":
	{
		"smithing": 20
	},
	"ironchest:silver_to_gold_chest_upgrade":
	{
		"smithing": 30
	},
	"ironchest:copper_to_iron_chest_upgrade":
	{
		"smithing": 20
	},
	"ironchest:diamond_to_crystal_chest_upgrade":
	{
		"smithing": 50
	},
	"ironchest:wood_to_iron_chest_upgrade":
	{
		"smithing": 20
	},
	"ironchest:wood_to_copper_chest_upgrade":
	{
		"smithing": 10
	},
	"ironchest:diamond_to_obsidian_chest_upgrade":
	{
		"smithing": 50
	},
	"ironchest:iron_chest":
	{
		"smithing": 20
	},
	"ironchest:gold_chest":
	{
		"smithing": 30
	},
	"ironchest:diamond_chest":
	{
		"smithing": 40
	},
	"ironchest:copper_chest":
	{
		"smithing": 10
	},
	"ironchest:silver_chest":
	{
		"smithing": 20
	},
	"ironchest:crystal_chest":
	{
		"smithing": 50
	},
	"ironchest:obsidian_chest":
	{
		"smithing": 50
	},
	"enderstorage:ender_chest":
	{
		"smithing": 50,
		"magic": 10
	},
	"enderstorage:ender_tank":
	{
		"smithing": 40,
		"magic": 5
	},
	"enderstorage:ender_pouch":
	{
		"crafting": 70,
		"magic": 15
	},
	"create:zinc_nugget":
	{
		"crafting": 0
	},
	"create:zinc_ingot":
	{
		"crafting": 0
	},
	"create:zinc_block":
	{
		"crafting": 0
	},
	"create:brass_nugget":
	{
		"crafting": 0
	},
	"create:brass_ingot":
	{
		"crafting": 0
	},
	"create:brass_block":
	{
		"crafting": 0
	},
	"create:copper_nugget":
	{
		"crafting": 0
	},
	"create:copper_ingot":
	{
		"crafting": 0
	},
	"create:copper_block":
	{
		"crafting": 0
	},
	"create:schematicannon":
	{
		"crafting": 50
	},
	"create:schematic_table":
	{
		"crafting": 10.4
	},
	"create:shaft":
	{
		"crafting": 3.25
	},
	"create:cogwheel":
	{
		"crafting": 4.1
	},
	"create:large_cogwheel":
	{
		"crafting": 6.2
	},
	"create:encased_shaft":
	{
		"crafting": 5
	},
	"create:gearbox":
	{
		"crafting": 5
	},
	"create:clutch":
	{
		"crafting": 4
	},
	"create:gearshift":
	{
		"crafting": 4
	},
	"create:adjustable_pulley":
	{
		"crafting": 10.8
	},
	"create:water_wheel":
	{
		"crafting": 14.5
	},
	"create:encased_fan":
	{
		"crafting": 6
	},
	"create:nozzle":
	{
		"crafting": 4.7
	},
	"create:turntable":
	{
		"crafting": 5.3
	},
	"create:hand_crank":
	{
		"crafting": 2
	},
	"create:cuckoo_clock":
	{
		"crafting": 16.7
	},
	"create:millstone":
	{
		"crafting": 8.8
	},
	"create:mechanical_press":
	{
		"crafting": 20.3
	},
	"create:mechanical_mixer":
	{
		"crafting": 20.3
	},
	"create:speedometer":
	{
		"crafting": 4
	},
	"create:basin":
	{
		"crafting": 12
	},
	"create:mechanical_piston":
	{
		"crafting": 20.3
	},
	"create:sticky_mechanical_piston":
	{
		"crafting": 12.3
	},
	"create:piston_extension_pole":
	{
		"crafting": 3
	},
	"create:mechanical_bearing":
	{
		"crafting": 6.4
	},
	"create:clockwork_bearing":
	{
		"crafting": 6.4
	},
	"create:rope_pulley":
	{
		"crafting": 8.8
	},
	"create:cart_assembler":
	{
		"crafting": 20.3
	},
	"create:linear_chassis":
	{
		"crafting": 12.5
	},
	"create:radial_chassis":
	{
		"crafting": 8.8
	},
	"create:mechanical_drill":
	{
		"crafting": 20.3
	},
	"create:mechanical_saw":
	{
		"crafting": 20.3
	},
	"create:deployer":
	{
		"crafting": 20.3
	},
	"create:portable_storage_interface":
	{
		"crafting": 12.5
	},
	"create:mechanical_harvester":
	{
		"crafting": 20.3
	},
	"create:mechanical_plough":
	{
		"crafting": 20.3
	},
	"create:andesite_casing":
	{
		"crafting": 8.8
	},
	"create:brass_casing":
	{
		"crafting": 8.8
	},
	"create:copper_casing":
	{
		"crafting": 8.8
	},
	"create:mechanical_crafter":
	{
		"crafting": 20.3
	},
	"create:sequenced_gearshift":
	{
		"crafting": 12.5
	},
	"create:rotation_speed_controller":
	{
		"crafting": 20.3
	},
	"create:redstone_contact":
	{
		"crafting": 10
	},
	"create:redstone_link":
	{
		"crafting": 10
	},
	"create:stockpile_switch":
	{
		"crafting": 10
	},
	"create:adjustable_crate":
	{
		"crafting": 10
	},
	"create:belt_observer":
	{
		"crafting": 10
	},
	"create:belt_tunnel":
	{
		"crafting": 10
	},
	"create:extractor":
	{
		"crafting": 12.5
	},
	"create:linked_extractor":
	{
		"crafting": 10
	},
	"create:funnel":
	{
		"crafting": 8.8
	},
	"create:transposer":
	{
		"crafting": 10
	},
	"create:linked_transposer":
	{
		"crafting": 10
	},
	"create:analog_lever":
	{
		"crafting": 10
	},
	"create:pulse_repeater":
	{
		"crafting": 10
	},
	"create:adjustable_repeater":
	{
		"crafting": 10
	},
	"create:adjustable_pulse_repeater":
	{
		"crafting": 18
	},
	"create:powered_latch":
	{
		"crafting": 8.8
	},
	"create:powered_toggle_latch":
	{
		"crafting": 10.6
	},
	"create:andesite_alloy":
	{
		"crafting": 3
	},
	"create:propeller":
	{
		"crafting": 7
	},
	"create:whisk":
	{
		"crafting": 7
	},
	"create:brass_hand":
	{
		"crafting": 7
	},
	"create:crafter_slot_cover":
	{
		"crafting": 3
	},
	"create:electron_tube":
	{
		"crafting": 6
	},
	"create:belt_connector":
	{
		"crafting": 10
	},
	"create:super_glue":
	{
		"crafting": 5
	},
	"create:sand_paper":
	{
		"crafting": 5
	},
	"create:red_sand_paper":
	{
		"crafting": 5
	},
	"create:wrench":
	{
		"crafting": 10
	},
	"create:goggles":
	{
		"crafting": 10
	},
	"create:filter":
	{
		"crafting": 6.5
	},
	"create:attribute_filter":
	{
		"crafting": 6.5
	},
	"create:tree_fertilizer":
	{
		"crafting": 10.4
	},
	"create:deforester":
	{
		"crafting": 120
	},
	"create:wand_of_symmetry":
	{
		"crafting": 100
	},
	"create:empty_schematic":
	{
		"crafting": 6.2
	},
	"create:schematic_and_quill":
	{
		"crafting": 8.5
	},
	"create:handheld_blockzapper":
	{
		"crafting": 120
	},
	"endreborn:wolframium_nugget":
	{
		"crafting": 0
	},
	"endreborn:wolframium_ingot":
	{
		"crafting": 0
	},
	"endreborn:wolframium_block":
	{
		"crafting": 0
	},
	"endreborn:endorium_nugget":
	{
		"crafting": 0
	},
	"endreborn:endorium_ingot":
	{
		"crafting": 0
	},
	"endreborn:endorium_block":
	{
		"crafting": 0
	},
	"endreborn:wolframium_sword":
	{
		"crafting": 100,
		"smithing": 20
	},
	"endreborn:wolframium_axe":
	{
		"crafting": 150,
		"smithing": 30
	},
	"endreborn:wolframium_shovel":
	{
		"crafting": 50,
		"smithing": 10
	},
	"endreborn:wolframium_hoe":
	{
		"crafting": 100,
		"smithing": 20
	},
	"endreborn:wolframium_pickaxe":
	{
		"crafting": 150,
		"smithing": 30
	},
	"endreborn:endorium_sword":
	{
		"crafting": 20,
		"smithing": 4
	},
	"endreborn:endorium_axe":
	{
		"crafting": 30,
		"smithing": 6
	},
	"endreborn:endorium_shovel":
	{
		"crafting": 10,
		"smithing": 2
	},
	"endreborn:endorium_hoe":
	{
		"crafting": 20,
		"smithing": 4
	},
	"endreborn:endorium_pickaxe":
	{
		"crafting": 30,
		"smithing": 6
	},
	"endreborn:end_stone_sword":
	{
		"crafting": 10,
		"smithing": 2
	},
	"endreborn:end_stone_axe":
	{
		"crafting": 15,
		"smithing": 3
	},
	"endreborn:end_stone_shovel":
	{
		"crafting": 5,
		"smithing": 1
	},
	"endreborn:end_stone_hoe":
	{
		"crafting": 10,
		"smithing": 2
	},
	"endreborn:end_stone_pickaxe":
	{
		"crafting": 15,
		"smithing": 3
	},
	"endreborn:ender_boots":
	{
		"crafting": 100,
		"smithing": 20
	},
	"endreborn:wolframium_helmet":
	{
		"crafting": 100,
		"smithing": 20
	},
	"endreborn:wolframium_chestplate":
	{
		"crafting": 160,
		"smithing": 32
	},
	"endreborn:wolframium_leggings":
	{
		"crafting": 140,
		"smithing": 28
	},
	"endreborn:wolframium_boots":
	{
		"crafting": 80,
		"smithing": 16
	}
}