{"renderMethod":"DEFAULT","encodingPreset":"MP4_DEFAULT","videoWidth":1920,"videoHeight":1080,"framesPerSecond":60,"bitRate":10485760,"outputFile":{"path":"C:\\Users\\sweet\\AppData\\Roaming\\.minecraft\\.\\replay_videos"},"renderNameTags":true,"stabilizeYaw":false,"stabilizePitch":false,"stabilizeRoll":false,"sphericalFovX":360,"sphericalFovY":180,"injectSphericalMetadata":false,"antiAliasing":"NONE","exportCommand":"","exportArguments":"","exportArgumentsBgra":"-y -f rawvideo -pix_fmt bgra -s %WIDTH%x%HEIGHT% -r %FPS% -i - %FILTERS%-an -c:v libx264 -preset ultrafast -pix_fmt yuv420p \"%FILENAME%\"","highPerformance":false}