{
  "standard_weights": {
    "biomesoplenty:alps": {
      "weight": 5
    },
    "biomesoplenty:bayou": {
      "weight": 7
    },
    "biomesoplenty:bog": {
      "weight": 3
    },
    "biomesoplenty:boreal_forest": {
      "weight": 7
    },
    "biomesoplenty:chaparral": {
      "weight": 5
    },
    "biomesoplenty:cherry_blossom_grove": {
      "weight": 1
    },
    "biomesoplenty:cold_desert": {
      "weight": 7
    },
    "biomesoplenty:coniferous_forest": {
      "weight": 10
    },
    "biomesoplenty:crystalline_chasm": {
      "weight": 5
    },
    "biomesoplenty:dead_forest": {
      "weight": 2
    },
    "biomesoplenty:dryland": {
      "weight": 1
    },
    "biomesoplenty:floodplain": {
      "weight": 5
    },
    "biomesoplenty:fungal_jungle": {
      "weight": 1
    },
    "biomesoplenty:grassland": {
      "weight": 5
    },
    "biomesoplenty:grove": {
      "weight": 7
    },
    "biomesoplenty:highland": {
      "weight": 3
    },
    "biomesoplenty:jade_cliffs": {
      "weight": 1
    },
    "biomesoplenty:lavender_field": {
      "weight": 5
    },
    "biomesoplenty:lush_desert": {
      "weight": 1
    },
    "biomesoplenty:lush_grassland": {
      "weight": 7
    },
    "biomesoplenty:lush_swamp": {
      "weight": 3
    },
    "biomesoplenty:mangrove": {
      "weight": 10
    },
    "biomesoplenty:maple_woods": {
      "weight": 3
    },
    "biomesoplenty:marsh": {
      "weight": 5
    },
    "biomesoplenty:meadow": {
      "weight": 7
    },
    "biomesoplenty:mire": {
      "weight": 3
    },
    "biomesoplenty:muskeg": {
      "weight": 2
    },
    "biomesoplenty:mystic_grove": {
      "weight": 1
    },
    "biomesoplenty:ominous_woods": {
      "weight": 1
    },
    "biomesoplenty:outback": {
      "weight": 7
    },
    "biomesoplenty:overgrown_cliffs": {
      "weight": 3
    },
    "biomesoplenty:poppy_field": {
      "weight": 2
    },
    "biomesoplenty:prairie": {
      "weight": 10
    },
    "biomesoplenty:rainforest": {
      "weight": 1
    },
    "biomesoplenty:redwood_forest": {
      "weight": 3
    },
    "biomesoplenty:scrubland": {
      "weight": 7
    },
    "biomesoplenty:seasonal_forest": {
      "weight": 5
    },
    "biomesoplenty:shield": {
      "weight": 5
    },
    "biomesoplenty:shrubland": {
      "weight": 5
    },
    "biomesoplenty:silkglade": {
      "weight": 1
    },
    "biomesoplenty:snowy_coniferous_forest": {
      "weight": 5
    },
    "biomesoplenty:snowy_forest": {
      "weight": 3
    },
    "biomesoplenty:steppe": {
      "weight": 3
    },
    "biomesoplenty:temperate_rainforest": {
      "weight": 3
    },
    "biomesoplenty:tropical_rainforest": {
      "weight": 10
    },
    "biomesoplenty:tundra": {
      "weight": 7
    },
    "biomesoplenty:undergrowth": {
      "weight": 10
    },
    "biomesoplenty:visceral_heap": {
      "weight": 9
    },
    "biomesoplenty:wasteland": {
      "weight": 10
    },
    "biomesoplenty:wetland": {
      "weight": 7
    },
    "biomesoplenty:withered_abyss": {
      "weight": 7
    },
    "biomesoplenty:woodland": {
      "weight": 3
    }
  },
  "technical_biome_toggles": {
    "biomesoplenty:alps_foothills": {
      "enabled": true
    },
    "biomesoplenty:gravel_beach": {
      "enabled": true
    },
    "biomesoplenty:orchard": {
      "enabled": true
    },
    "biomesoplenty:redwood_forest_edge": {
      "enabled": true
    },
    "biomesoplenty:tropic_beach": {
      "enabled": true
    },
    "biomesoplenty:volcanic_plains": {
      "enabled": true
    }
  },
  "sub_biome_weights": {
    "minecraft:worldgen/biome": {
      "weight": 100,
      "rarity": 0.8
    }
  },
  "island_biome_toggles": {
    "minecraft:worldgen/biome": {
      "enabled": true
    }
  },
  "vanilla_biome_weights": {
    "minecraft:worldgen/biome": {
      "weight": 10
    }
  }
}